faiss_id,row_idx,record_uid,expression
0,0,388c5a9d7ec4dcc42901a09e680d127cfef22a8c,droits humains
1,0,388c5a9d7ec4dcc42901a09e680d127cfef22a8c,affaires internationales
2,1,ef37749d9838e33f3c8ee5b7a66a0c9e4fde4dfc,jeunesse
3,2,892b6502193276f2c8989ab97f42917c6781ab6c,culture urbaine
4,2,892b6502193276f2c8989ab97f42917c6781ab6c,mode
5,3,55c32096ee636404f969b3d752e6c224d8a5aa93,biodiversité
6,3,55c32096ee636404f969b3d752e6c224d8a5aa93,habitat naturel
7,4,6612e6c3deda60b63c7658e11ab294a54a639337,croissance économique
8,5,52afca89b518d5cbeb001053efd45851b5f062cd,célébrités
9,5,52afca89b518d5cbeb001053efd45851b5f062cd,mode
10,6,52d509f420767ba86ac4ff666358218bdbb7d4d4,biodiversité
11,6,52d509f420767ba86ac4ff666358218bdbb7d4d4,espèces menacées
12,6,52d509f420767ba86ac4ff666358218bdbb7d4d4,animaux sauvages
13,7,be5a0e95565c056fb8694dd563d4a51305c4816a,commerce international
14,8,eaa13fbe37cc98bd8348442537633ec283459ac7,affaires internationales
15,9,d3961dcfb025a191fc53c0149b996593a63864ab,engagement citoyen
16,9,d3961dcfb025a191fc53c0149b996593a63864ab,jeunes
17,10,0e20ad3c3cb36eb2f7f822734558baede7deb7e8,animaux sauvages
18,11,554d2e76e988aa8659ecc179abf5c15e8a4058e9,collaboration internationale
19,12,2adabdc8c45efbb5b8cac3b4965b5f5b654ff29f,animaux de compagnie
20,12,2adabdc8c45efbb5b8cac3b4965b5f5b654ff29f,bien-être
21,13,935cedf1cbd172792dfd3fad4e231dfc92cf59a6,santé publique
22,13,935cedf1cbd172792dfd3fad4e231dfc92cf59a6,épidémies
23,13,935cedf1cbd172792dfd3fad4e231dfc92cf59a6,coopération internationale
24,14,e6dc12d1d71a9c0742380b2f291dbee8de10560e,communautés de joueurs
25,15,2d40513a566273ba1a673098a5436b970d541f41,lancement de fusées
26,15,2d40513a566273ba1a673098a5436b970d541f41,exploration de Mars
27,16,4beee68c8092cf7aa92dd5224f4a2a42e257c7ba,culture urbaine
28,17,733daa8a6d0bfe6b1abc34eb21566373f5c00f5d,animaux de compagnie
29,18,c97e96d5dfa327870f60700e6548ec7fee0b3253,lancement de fusées
30,18,c97e96d5dfa327870f60700e6548ec7fee0b3253,collaboration internationale
31,19,e528249a6321c3db3b271c4f972fa6c7acf77fa6,animaux sauvages
32,20,1510e53cdf73aa510e4f3cb59d1ba97b8e634e02,célébrités
33,20,1510e53cdf73aa510e4f3cb59d1ba97b8e634e02,mode
34,21,64e67d0ed2ccef3831a0a146dbce0a13b0981dc3,droits humains
35,22,93da05d5e37ad8d485fda9c81a66d0905912a71d,enjeux climatiques
36,22,93da05d5e37ad8d485fda9c81a66d0905912a71d,sensibiliser le public
37,23,7d33c5fc2b22400605e26c079f42a69fb49a255c,exploration de Mars
38,24,cac60222c8b8c0eb43f6d3bc4237b4649c56bbf7,réalité augmentée
39,24,cac60222c8b8c0eb43f6d3bc4237b4649c56bbf7,durabilité
40,25,3195cfe5544e3e52af4f1b293f3932788692cccf,organisations internationales
41,25,3195cfe5544e3e52af4f1b293f3932788692cccf,affaires internationales
42,25,3195cfe5544e3e52af4f1b293f3932788692cccf,développement durable
43,26,2e91122cef4909a3331b222f0c31a217bafb9b5d,entrepreneuriat des jeunes
44,27,4340ed32d9e40167c2d2dde440b7e70db76edb52,enjeux climatiques
45,27,4340ed32d9e40167c2d2dde440b7e70db76edb52,développement durable
46,28,e1a3430e22322b55e09ebfb1e40c1ebdbbeab9e2,mobilité internationale
47,28,e1a3430e22322b55e09ebfb1e40c1ebdbbeab9e2,programme Erasmus
48,29,91221108909103f5e4f10f6306ad87fdf23a8020,santé publique
49,29,91221108909103f5e4f10f6306ad87fdf23a8020,épidémies
50,30,755f611de29cb0985329ccf3bd7f003f2ee6241e,engagement citoyen
51,30,755f611de29cb0985329ccf3bd7f003f2ee6241e,jeunes
52,30,755f611de29cb0985329ccf3bd7f003f2ee6241e,politiques publiques
53,31,bfa2e2a29cd3dc5f4e12afccbdffdefc0b2e1d13,mobilité internationale
54,31,bfa2e2a29cd3dc5f4e12afccbdffdefc0b2e1d13,programme Erasmus
55,32,245d57d72d28e84a5ca28c8b7351698885df6b14,célébrités
56,32,245d57d72d28e84a5ca28c8b7351698885df6b14,sensibiliser le public
57,33,6c8f72c6a65c34c6cb51cda10b6c678679161643,Fashion Weeks
58,34,55693d462ed7c99467fa108807cd44d3cb4abba7,célébrités
59,35,b268ce186e4188ff29ef7700028aa643923458a8,migrations internes
60,36,22281be2fb062c5959fd301dc4f8d667515cb80d,célébrités
61,36,22281be2fb062c5959fd301dc4f8d667515cb80d,influenceurs
62,36,22281be2fb062c5959fd301dc4f8d667515cb80d,réseaux sociaux
63,36,22281be2fb062c5959fd301dc4f8d667515cb80d,tendances
64,37,1405806a5fa3db5a6e4e02a2f7ebcaa2c65251c4,animaux de compagnie
65,38,e512f752ebf08a0891155b772aa03abbcedc629c,commerce international
66,38,e512f752ebf08a0891155b772aa03abbcedc629c,croissance économique
67,39,2493212b977ffee11d238cceac5d9c7bde59b87f,droits humains
68,39,2493212b977ffee11d238cceac5d9c7bde59b87f,affaires internationales
69,40,7d34a8ef7c687c2ba9366e5ff5fca6402eabdf9b,célébrités
70,41,700e96fd01155ca3ca0d7553e7a66399ff5d1604,célébrités
71,42,6f3af3973ffd7bd837a5a105d3a49cd757dc0e80,célébrités
72,43,61efb2a19202f2b6d99e6129eb5d0e198c82b577,transitions politiques
73,43,61efb2a19202f2b6d99e6129eb5d0e198c82b577,affaires internationales
74,44,baecba7b731ec3d565ed2f2102e7b876b0af558c,bien-être
75,44,baecba7b731ec3d565ed2f2102e7b876b0af558c,animaux de compagnie
76,45,1c143ffaadb32bd707adc004afa0f2bd9c426d37,entrepreneuriat des jeunes
77,46,14fd9fd220ea22132a7fa8f1ff67cbcbe1757e3e,politiques publiques
78,47,df1a5d22ea5143b3e11d138a6c69f35e397a7e3f,coopération internationale
79,48,ec0c24ba4b74a472fc8ad6010b4b667b2635cda0,mode
80,48,ec0c24ba4b74a472fc8ad6010b4b667b2635cda0,culture urbaine
81,49,4dd3e2441499c68341724e30dcd8b36b154f6bef,animaux de compagnie
82,49,4dd3e2441499c68341724e30dcd8b36b154f6bef,tendances actuelles
83,50,b1afb750e0da60207f1ff8df2604440051e7d521,exploration spatiale
84,51,a96d44fa42c8c5269e7bd4a0f0cad7d15840df87,animaux de compagnie
85,51,a96d44fa42c8c5269e7bd4a0f0cad7d15840df87,bien-être
86,52,e8d04ca54608d8c85af5a808d583eb5aa36d15db,changements climatiques
87,53,b9ce418da6012c9298879a9e248da3e15a8072c1,enjeux climatiques
88,54,6c0bc102d714753e8db4d2abe28134ff640489f8,changements climatiques
89,54,6c0bc102d714753e8db4d2abe28134ff640489f8,animaux sauvages
90,55,3d2c0a0782d3d93a7f6e4cd2376806a4e979eaa0,enjeux climatiques
91,56,14d4c88c457ea595b896dd36a0a465b30ec4ad7c,affaires internationales
92,57,d99bc446fb103e7a47f48fbebdcb440026e58f71,exploration de Mars
93,58,b5b829bd1edad178250e249426812e91fb4bbdd9,lancement de fusées
94,59,9a93d6bf31770238221d45d6a67fbf9b97f0f1be,jeux vidéo
95,60,9431abb2af386ccc26e4dbe820c42826d79327dc,expériences immersives
96,61,eedc266142859b2ebf58112a9197c9c89b55171b,tendances actuelles
97,62,6dfbd1d16682b23e3c28edf45f14ef9e447655f1,commerce international
98,63,b1a54ef50d5eefa30a56494a671203cb78a88346,aide humanitaire
99,63,b1a54ef50d5eefa30a56494a671203cb78a88346,affaires internationales
100,64,59be776e4ffff80bf58bc5f2ec07a233080f551e,durabilité
101,65,43c1956af5d8273e4d66089d41e1b775388d31b3,aide humanitaire
102,66,20d9013ab66f247462817ba17b9395a50b4d6b9e,coopération économique
103,67,e15d15ba7ed12e0e04e9da78c8d86130b8a32dcd,jeux vidéo
104,67,e15d15ba7ed12e0e04e9da78c8d86130b8a32dcd,influenceurs
105,68,f607f1e6cd97e7839b29b6b0ebf4d9873f9d2861,célébrités
106,68,f607f1e6cd97e7839b29b6b0ebf4d9873f9d2861,mode
107,68,f607f1e6cd97e7839b29b6b0ebf4d9873f9d2861,tendances
108,69,0ba4b523fe77fa18c9bb1a178182c5ec5861d6bd,mobilité internationale
109,70,b312f1174e1e5bb2c353e74f9bdb3327a651e446,communautés de joueurs
110,71,3165a54e04e33664ad2ff98b84530f77b2d5c60d,communautés de joueurs
111,72,dccf1b1cdb74fc574762f40a509b80c40e0d221d,marchés financiers
112,73,cd8c674551fe7803da6f30bb7ab15b8675ed5ac7,droits humains
113,74,ca14eada3cc43121202e7715f65ca05341106daa,réseaux sociaux
114,75,6d455f84d42b92f28ee5575c384c57b9a0d8cef2,sensibiliser le public
115,76,0d8691140237cc30fa198c7f3d9d0a9a64c30fd1,animaux sauvages
116,78,9094a509042a6c47a778fa7945ba5ffdf82d41f0,culture urbaine
117,78,9094a509042a6c47a778fa7945ba5ffdf82d41f0,réseaux sociaux
118,79,fde1e8dd20ac71c89855c69ef5b6c6d0f29c8bcb,Station spatiale internationale
119,79,fde1e8dd20ac71c89855c69ef5b6c6d0f29c8bcb,coopération internationale
120,80,1846f31bfb18f9552b524300786b0446d4508968,collaboration internationale
121,81,6944927b9b140566b6c65e260e037a643d1ef151,observation de la Terre
122,82,7f71eb8a9c8e95ae7381a1069378e607dd423774,accessoires
123,82,7f71eb8a9c8e95ae7381a1069378e607dd423774,mode
124,83,ca6fb58409e39e296e6caaaffefb95ae9afae133,célébrités
125,84,2dbb2e5a0ce27ed337561fefa96640e4e757d985,culture urbaine
126,85,bc47f1983e00823ea027db438020eac30a8f5358,animaux de compagnie
127,85,bc47f1983e00823ea027db438020eac30a8f5358,tendances actuelles
128,86,646680e201181a0446aa5135e5d79818329735c8,animaux sauvages
129,86,646680e201181a0446aa5135e5d79818329735c8,biodiversité
130,86,646680e201181a0446aa5135e5d79818329735c8,espèces menacées
131,87,26d444099a4bc341b9da9031ead3948e94589b5c,célébrités
132,88,2fc279bf5b50944ffc0c1efc0d45352f1a7ec77d,animaux de compagnie
133,89,512bf9a71e33ac6444ed2670891d6588061f2e53,tendances saisonnières
134,90,edc5a9bfb8c5f35078ff2edb32c46da0b7a06dc8,affaires internationales
135,90,edc5a9bfb8c5f35078ff2edb32c46da0b7a06dc8,transitions politiques
136,91,950873c1a757add33ac04c67479e4aec619eaf8f,communautés de joueurs
137,92,5b6236216e2d3ea6b30d69e9ae52198e9c73d4dc,Station spatiale internationale
138,93,abea37660f305ee1447ab8a7d52aab09359c5b4d,commerce international
139,94,6988926d8dfe980526a4dfeec23ceb29aa299880,affaires internationales
140,95,5e2b342c89aa693e37dea72f4b9f124c6d0f5975,célébrités
141,95,5e2b342c89aa693e37dea72f4b9f124c6d0f5975,influenceurs
142,95,5e2b342c89aa693e37dea72f4b9f124c6d0f5975,réseaux sociaux
143,96,dae6806e9a3a643b196640e2fc2bbda502fbc5ff,affaires internationales
144,97,39b0ca7fa95724b1074cab91233985be08014906,observation de la Terre
145,98,ff5f58474599c1c33921f4980b516078db91429e,affaires internationales
146,98,ff5f58474599c1c33921f4980b516078db91429e,transitions politiques
147,99,2a4bfc3e3d34e633b08abd954a12f269255dfebd,biodiversité
148,99,2a4bfc3e3d34e633b08abd954a12f269255dfebd,animaux sauvages
149,99,2a4bfc3e3d34e633b08abd954a12f269255dfebd,changement climatique
150,100,482fa069a7de882872228f96302d858bf1ae45f3,migrations internes
151,101,f33255e9e4c289c6a698fd4a131ba2111fd17791,lancement de fusées
152,102,c3da1ef062b3236b29ccbce2c6680759afd4677a,animaux sauvages
153,102,c3da1ef062b3236b29ccbce2c6680759afd4677a,biodiversité
154,102,c3da1ef062b3236b29ccbce2c6680759afd4677a,espèces menacées
155,103,02d9e6ae26f6d300a63837c04639f1f861ccd5aa,commerce international
156,105,c7735cf9d39f4b2691b8baf753fef50aaa640e23,observation de la Terre
157,105,c7735cf9d39f4b2691b8baf753fef50aaa640e23,changements climatiques
158,106,9c87b37a18f68ca8b173e7614dbd1a9c1d27041f,engagement citoyen
159,107,8eb9c3a5b27498da46dd1087c8b2b3b67b80b41a,transitions politiques
160,108,8d32ed35bc29b5268667b6a11066fa3081b390df,célébrités
161,109,71ed4812c33bca3967eb05caed9783843e90e6e1,tendances saisonnières
162,110,6a42418010495d58ebde3cf1ff90e96082b9482c,Fashion Weeks
163,111,5d0c85a77d2f5b928389a5a2a9236dd0b843d0f1,durabilité
164,112,0a15ec593b6be6b85eacbdd27ede2e2f6965be36,jeux vidéo
165,113,387ac59b75186bc98bd4b4e3088bab743a894738,marchés financiers
166,113,387ac59b75186bc98bd4b4e3088bab743a894738,tendances
167,114,81bb2643985df767af0fd2564abaf0681c7f5187,croissance économique
168,115,0e21273581fe6414d55f7a8e4d0ff43d75313def,animaux sauvages
169,116,fa783f91555c7ef696ce3682d9111e6c59b6fc6b,enjeux climatiques
170,117,36f8f04b8c820a6c4219e5588e75b7b6e259ca99,coopération économique
171,117,36f8f04b8c820a6c4219e5588e75b7b6e259ca99,développement durable
172,118,40cc22dc930330ebfce3f1b42b9d862e2df27744,communautés de joueurs
173,119,b8d22716025af047ffd3696cc12e2b634792d040,coopération internationale
174,120,ee5c3c35a8ea2815b2c95a2f6b481941d374d488,tendances actuelles
175,121,005bb9320915912d0875a440fd9caf86fd8e023c,Fashion Weeks
176,122,68f5002226132f042aeae55917b3bfcfdbcd4a98,jeux vidéo
177,122,68f5002226132f042aeae55917b3bfcfdbcd4a98,expériences immersives
178,122,68f5002226132f042aeae55917b3bfcfdbcd4a98,réalité virtuelle
179,123,2eaecc521c32b2db724a0a9b7736976a3a5a91e1,animaux de compagnie
180,124,20cee53514222c579fee3b8974c1bcf12929a1c9,développement durable
181,125,530282635063de5dc5066d01c9a2e17ac47e7992,biodiversité
182,125,530282635063de5dc5066d01c9a2e17ac47e7992,espèces menacées
183,126,656f850fc67fda387454b5d9effb0fbadf7e3dde,bien-être
184,127,37b4df260963d5343c897b17356122d466700650,célébrités
185,128,ff58e22f04e9d76f21d9368ad49f11e4cc1947cc,célébrités
186,129,186d43ec3612ffb8419b6240ec58e6170eec04e1,célébrités
187,130,6a88470afe6ebd5981c045d09b7766b2bca29eef,enjeux climatiques
188,130,6a88470afe6ebd5981c045d09b7766b2bca29eef,jeunes
189,130,6a88470afe6ebd5981c045d09b7766b2bca29eef,changement climatique
190,130,6a88470afe6ebd5981c045d09b7766b2bca29eef,durabilité
191,131,ddefcab79199019364958204ebf3d250680a83bf,animaux sauvages
192,132,7aefa279bda9478d28b99e28a82d778d67bf0734,célébrités
193,133,4b53c4163444a80ba631613bfe32ddf1154b43aa,commerce international
194,133,4b53c4163444a80ba631613bfe32ddf1154b43aa,coopération économique
195,134,8cc149fe4119d4912b59b89d827738d530d6f1b9,politiques publiques
196,135,70531db7cef61fbf81400e6e7c6e6ffb634baec9,accessoires
197,135,70531db7cef61fbf81400e6e7c6e6ffb634baec9,tendances
198,136,29d24241bddb965a26c21d9646c0cd6cba81a4c2,développement durable
199,137,e2236c4d2d93ebd2d8c62f5ee9f14be822e14ade,exploration de Mars
200,138,3bbb4224e1d19bf0c3f76b6cdbcc69bccc41b82d,célébrités
201,138,3bbb4224e1d19bf0c3f76b6cdbcc69bccc41b82d,sensibiliser le public
202,139,29e6931319ce5cf6ccb35ac0bf00c57335311a35,mobilité internationale
203,139,29e6931319ce5cf6ccb35ac0bf00c57335311a35,programme Erasmus
204,140,25a538fc588c91205318ec532619148ac109d7af,affaires internationales
205,141,0571cdbc423ad902950745e21a7772836668833d,entrepreneuriat des jeunes
206,142,7d3d4430af66bf9b4a8a5112cf4d1a93bd404689,réalité virtuelle
207,142,7d3d4430af66bf9b4a8a5112cf4d1a93bd404689,expériences immersives
208,143,322c0d36e4a352f52c1b66634109bb6a6ddde79e,Fashion Weeks
209,144,c9612fc8b6cee9e937672883006e194e1c164000,tendances saisonnières
210,145,4350bc0b9f04a7e6555771ffc94fdd32ad852216,influenceurs
211,146,e745d3773676bd8bc906b5f58bb1099fb5083466,marchés financiers
212,146,e745d3773676bd8bc906b5f58bb1099fb5083466,tendances actuelles
213,147,f8220a9d5575ffb56dca925839fded72202a7b0f,transitions politiques
214,147,f8220a9d5575ffb56dca925839fded72202a7b0f,affaires internationales
215,148,ac9f243dc049df77f407ae88aa0b6f8c81f41f2d,animaux sauvages
216,148,ac9f243dc049df77f407ae88aa0b6f8c81f41f2d,biodiversité
217,149,b95a9dd8f2de3b7b30cfd0e7f7d5d9eb154646e1,affaires internationales
218,150,49f83532432074dfdc7d58aefb891b20aa1fb23e,accessoires
219,150,49f83532432074dfdc7d58aefb891b20aa1fb23e,tendances actuelles
220,151,4cf58a1e02cbe2e65d2c63556f6828192b0da8f1,engagement citoyen
221,151,4cf58a1e02cbe2e65d2c63556f6828192b0da8f1,jeunes
222,152,18513c44a3d50d164a6cfa425146a64288c25ff7,transitions politiques
223,152,18513c44a3d50d164a6cfa425146a64288c25ff7,affaires internationales
224,153,b60ffead68659d3f1daed36c903d333cb2d3ff2b,collaboration internationale
225,154,cddde67a30c31b3154878c2eec36e3a8318274a9,réalité virtuelle
226,154,cddde67a30c31b3154878c2eec36e3a8318274a9,réalité augmentée
227,155,b96194ae57938740f379760f666aac9468ed7be3,aide humanitaire
228,155,b96194ae57938740f379760f666aac9468ed7be3,affaires internationales
229,156,671bac633e836292c6d595c2fa51378a1d17513b,commerce international
230,156,671bac633e836292c6d595c2fa51378a1d17513b,croissance économique
231,156,671bac633e836292c6d595c2fa51378a1d17513b,affaires internationales
232,157,8ac7ba0b68d9d5dca53d2f0ca0a362386f9f442c,animaux de compagnie
233,157,8ac7ba0b68d9d5dca53d2f0ca0a362386f9f442c,accessoires
234,158,2b5cc23e6a2f3dddc8657d99f24433d9aa34ea4f,Station spatiale internationale
235,158,2b5cc23e6a2f3dddc8657d99f24433d9aa34ea4f,collaboration internationale
236,158,2b5cc23e6a2f3dddc8657d99f24433d9aa34ea4f,exploration spatiale
237,159,60fb174df68f6f4adcf4f4390beeda3048831383,aide humanitaire
238,159,60fb174df68f6f4adcf4f4390beeda3048831383,affaires internationales
239,160,90175450c84cddcaadf184a64d9bcab9ed2af0fe,croissance économique
240,161,dbcef13ba96ababba0503503addceb3d2cb170a2,célébrités
241,162,566e35e5c1366c4554f0efc2de266187b04c7669,entrepreneuriat des jeunes
242,163,4e9da1c4798f34a36eaeb406fdcd66a5b5c7e781,affaires internationales
243,164,924a2789b868172971804d9a1173319b4b66e113,célébrités
244,165,2aae2eeb9ba4079ae675fa449cc986391b9baa7e,aide humanitaire
245,165,2aae2eeb9ba4079ae675fa449cc986391b9baa7e,affaires internationales
246,165,2aae2eeb9ba4079ae675fa449cc986391b9baa7e,coopération internationale
247,166,5b0392c7939338e5740568d3a94957fb480a32bc,tendances saisonnières
248,167,e987ed70bf785abdaf3e96c63d7874fe3432065f,jeunesse
249,168,1a9e50074be9b4109cf49e9db052d723d06da5f7,transitions politiques
250,169,dc281952ffa135669d138162556d6dac795a12cf,mobilité internationale
251,169,dc281952ffa135669d138162556d6dac795a12cf,programme Erasmus
252,170,063ca021d54766a1d126de8710a07795d32f2d71,animaux de compagnie
253,171,35aa8097236a2112370b887cbe5854021038bc26,santé publique
254,171,35aa8097236a2112370b887cbe5854021038bc26,épidémies
255,172,642c541a261a676a4a6883af059cfc932af8b3ab,animaux sauvages
256,172,642c541a261a676a4a6883af059cfc932af8b3ab,habitat naturel
257,173,c9b03c58cfc2f0c12b600270d8e13e2a8dd8b5c3,lancement de fusées
258,173,c9b03c58cfc2f0c12b600270d8e13e2a8dd8b5c3,exploration spatiale
259,174,606cbe7935ac35b79494262e25faa9cd6cedc559,culture urbaine
260,175,cc06a48373deb0236c1c42d20660352f80c6aab4,réalité virtuelle
261,175,cc06a48373deb0236c1c42d20660352f80c6aab4,réalité augmentée
262,175,cc06a48373deb0236c1c42d20660352f80c6aab4,expériences immersives
263,176,78d0b17f40cbc8a53c2ffba4086fb99fb49c104f,mobilité internationale
264,177,ad2590f66fed1ab26db6be18d42a25d5335820a6,animaux sauvages
265,177,ad2590f66fed1ab26db6be18d42a25d5335820a6,biodiversité
266,178,1fc7956a7e0208a6c2203caffefcfd7f8215d312,célébrités
267,179,2e3c5097bd20ae7f1d13899f84ec1bd3840022ae,jeunes
268,180,3f49b95c2d30502d5f5b364bc6fda8313fca671e,droits humains
269,181,1d29f090fe0dfbe86d8be94bcfec54909a33eef3,aide humanitaire
270,182,ccfded40b74d59c5511d001e625cf654bdd59166,marchés financiers
271,183,8f7587c179ca65b83fe0e7e5fea28a7bd8598c16,migrations internes
272,184,277085f49b434ff29d414725a3222d237608b2ab,politiques publiques
273,185,9198085c244ddd99840096dd7c60c646013e4acc,marchés financiers
274,186,d1aa79f83f834f9c61eb445125fd6619366689f2,croissance économique
275,186,d1aa79f83f834f9c61eb445125fd6619366689f2,investissements étrangers
276,186,d1aa79f83f834f9c61eb445125fd6619366689f2,développement durable
277,187,847f8e760b393e2473b3a2e7b6cc18e2f66a1a9f,animaux sauvages
278,188,9e75a55a201a6d3bb70761e98e31962c1931269d,célébrités
279,189,32d84e116ef93b797c5dcc63eb7cdbe64a1f5bdd,migrations internes
280,190,8e26ad66cde24d3188b08492331cc69e6d2b691a,célébrités
281,191,3c9b810bffa1040180bc63a62b962fb908be2d5e,mode
282,191,3c9b810bffa1040180bc63a62b962fb908be2d5e,tendances actuelles
283,192,94673b6021978e4f5bfeb6fdc64f7a7e1f2aaa69,aide humanitaire
284,192,94673b6021978e4f5bfeb6fdc64f7a7e1f2aaa69,organisations internationales
285,193,82b2d7327b1c3e7f6220f504aa8199d72d6c52af,célébrités
286,194,536145a58f8e5ee291818129af335ecb30d04eda,animaux sauvages
287,195,3db1dce4a8c5d429f0b9d584f2a836e0c580fd3b,célébrités
288,196,3480928866ac6035940c2ed6033f5d296c54d510,transitions politiques
289,197,10374449b6268ee2462c43801969556d459bf39c,affaires internationales
290,197,10374449b6268ee2462c43801969556d459bf39c,coopération internationale
291,198,b6378fc31dd3b9eb38d5bf3801ac8f2fffb7cc84,commerce international
292,199,78f7028797d43b3164441f18b0e485cb7177c7b6,marchés financiers
293,200,18d4505b5f9203dd69ce4e9e116174240b795479,santé publique
294,200,18d4505b5f9203dd69ce4e9e116174240b795479,épidémies
295,201,741c343f5463ad75ec256fa0d24021988a1058ba,animaux sauvages
296,202,7f4136a2afd87c0612ff4e1c2add39a56a5c9ee9,réalité augmentée
297,202,7f4136a2afd87c0612ff4e1c2add39a56a5c9ee9,durabilité
298,203,ced0c496326f42f16ea1bac0abcc64c2e3cb6ca4,changements climatiques
299,204,54180461d96b1674c6284f5e23a2d038ddb7fb85,célébrités
300,205,b9c6c54e51f8c97d1697306eb7ebb4fda1f145e8,tendances actuelles
301,206,8a0b43a0bc7a86428322f2ae89aedfdada7fda2a,lancement de fusées
302,206,8a0b43a0bc7a86428322f2ae89aedfdada7fda2a,exploration spatiale
303,206,8a0b43a0bc7a86428322f2ae89aedfdada7fda2a,collaboration internationale
304,207,a1d357905b400775221d2fe870f0d669e23bcc0d,aide humanitaire
305,207,a1d357905b400775221d2fe870f0d669e23bcc0d,organisations internationales
306,208,6726c2f58060846da4a663bf46b948d00364b007,santé publique
307,208,6726c2f58060846da4a663bf46b948d00364b007,épidémies
308,209,9b54918982f17b4948aa32a483db3e7adfb6ab26,commerce international
309,209,9b54918982f17b4948aa32a483db3e7adfb6ab26,affaires internationales
310,210,27f9332f1ff4fb845bc4e4d844adbd458fcb25ed,célébrités
311,211,662dc42fdab2a5758770f8adb922ad2b7774a8ad,santé publique
312,212,5ece294d1676b0b53f70291ea1ca684c4a08efd1,communautés de joueurs
313,213,d0aee8465cfaf5504ed8e42b987c291b44ccd46c,célébrités
314,214,54a19e5d58ab46e2d8e4f253accd0e51cec370cf,animaux de compagnie
315,215,d27486cb6420f91abdb8bee2afd5d824c5f7d2b4,recherche scientifique
316,215,d27486cb6420f91abdb8bee2afd5d824c5f7d2b4,animaux sauvages
317,215,d27486cb6420f91abdb8bee2afd5d824c5f7d2b4,biodiversité
318,216,ccf58ddce12f3f306407e3770260c080f77ad44d,droits humains
319,216,ccf58ddce12f3f306407e3770260c080f77ad44d,affaires internationales
320,216,ccf58ddce12f3f306407e3770260c080f77ad44d,coopération internationale
321,217,986ef58f88a405415727bcc618ec3350d4da8a14,réalité virtuelle
322,217,986ef58f88a405415727bcc618ec3350d4da8a14,réalité augmentée
323,217,986ef58f88a405415727bcc618ec3350d4da8a14,expériences immersives
324,218,182c492bf6c66da9c7cc1f8230b8f846cc8b6a6b,célébrités
325,219,b39ad2a1d9552a95e517db5a990b70fca3199a2e,influenceurs
326,220,d1615864efc81863f4e9f31cefb81340814f9574,engagement citoyen
327,220,d1615864efc81863f4e9f31cefb81340814f9574,jeunes
328,221,7c67db6b560d2d317a264cd0f180eb5085da6bc2,croissance économique
329,222,0416b2aaadc14c9adfd9d8933b313672641f60d1,animaux sauvages
330,222,0416b2aaadc14c9adfd9d8933b313672641f60d1,biodiversité
331,222,0416b2aaadc14c9adfd9d8933b313672641f60d1,espèces menacées
332,223,6e7cb6be40786f722d044f9bb27780bb9b48cdf3,droits humains
333,224,017094ce6eb4d0003090e8c9893963c98cb6ba98,jeux vidéo
334,225,d14e489f0363a122fac60c4dd43ec6dac39eed40,affaires internationales
335,226,60cbd0908b8e19d5ef5a7ca7e2ff2365169f71e6,recherche scientifique
336,226,60cbd0908b8e19d5ef5a7ca7e2ff2365169f71e6,animaux sauvages
337,227,f9536d3f0f8058935ec374adcf7e2eb00b8d706a,transitions politiques
338,228,b7c9e7219605ed5f4d51f7ed6776ef4e4dc5b6e9,croissance économique
339,229,b8c10ac36450b1e2df3a80bb306aa3cc8b461188,coopération économique
340,230,d4f7b313aeee9f947dbfece1986659361acf09aa,biodiversité
341,230,d4f7b313aeee9f947dbfece1986659361acf09aa,animaux sauvages
342,231,3f24b9ca3e567dc96065e1a01d2db160543c5258,jeux vidéo
343,232,1b563a64a430b13d7df9968a8c6e3cebc0efe344,célébrités
344,233,7e9860189416094b97b997c55c4c210d1377c659,biodiversité
345,233,7e9860189416094b97b997c55c4c210d1377c659,espèces menacées
346,234,d41185e2817f2334e7bcbe9d1c098ac8e5301762,entrepreneuriat des jeunes
347,235,627aa01c4b464a2b154dda4b436a9ae1be82cbc4,Station spatiale internationale
348,235,627aa01c4b464a2b154dda4b436a9ae1be82cbc4,coopération internationale
349,236,4c5ea4ce69de7cff3d15c56e58190f132775500e,biodiversité
350,236,4c5ea4ce69de7cff3d15c56e58190f132775500e,espèces menacées
351,237,5a4898e506eaac2429b503869825b58419123551,transitions politiques
352,238,37b142291bb6630c464fea424e591caf6fef4030,animaux de compagnie
353,239,fc5b1df6d53815ae334a613a67ca42aa8e786e8b,transitions politiques
354,239,fc5b1df6d53815ae334a613a67ca42aa8e786e8b,affaires internationales
355,240,0574e704ac7b9b0bb754c29871706602909258f0,animaux sauvages
356,241,b954b33d9e6295e9381377a8dad5e633b6b20e40,jeux vidéo
357,241,b954b33d9e6295e9381377a8dad5e633b6b20e40,expériences immersives
358,242,d147d267c3de5639f1cc0950a3948e68e609f4cf,changements climatiques
359,242,d147d267c3de5639f1cc0950a3948e68e609f4cf,animaux sauvages
360,243,a1bbbc896984d2d91fe79ddc12119d9b29206abb,célébrités
361,244,3cd558fd29a139d944e50790b2977af2726b6bb1,Fashion Weeks
362,244,3cd558fd29a139d944e50790b2977af2726b6bb1,tendances
363,244,3cd558fd29a139d944e50790b2977af2726b6bb1,mode
364,245,98d7426855abbfc77fc9bb9b4cd138bcf1d229df,migrations internes
365,245,98d7426855abbfc77fc9bb9b4cd138bcf1d229df,migrations externes
366,246,6d043af87dbe1059d9522b83f8de5fae16c9c62b,influenceurs
367,247,409c1e86b3a381cf3db09010689ded2b3206bbf5,célébrités
368,248,948ceccb74ad564e3e770b30cfbb44187a0bf381,organisations internationales
369,249,415c8051eae8eb481fe2d35cb7dc5c923f24fada,accessoires
370,250,0298e9b7fc97f13b210a5058961bd1d6d72cfd91,recherche scientifique
371,250,0298e9b7fc97f13b210a5058961bd1d6d72cfd91,animaux sauvages
372,251,ddc9a66d1b33a9e2c0d28a5204b664f7d0571466,jeux vidéo
373,252,4bd5ffb95aa4af74acbcef82cb106a3ce8aad891,mobilité internationale
374,253,d9aed3bc32dc37a4f1f42d7ffa7de5b4c9fbc238,réalité virtuelle
375,253,d9aed3bc32dc37a4f1f42d7ffa7de5b4c9fbc238,jeux vidéo
376,253,d9aed3bc32dc37a4f1f42d7ffa7de5b4c9fbc238,expériences immersives
377,254,5e4bc3245649d5b328a316ee8737b30fe78531d6,communautés de joueurs
378,255,810fb6a4e8e70ac316b63ef8a95db2883c112022,animaux sauvages
379,255,810fb6a4e8e70ac316b63ef8a95db2883c112022,changements climatiques
380,256,4b08d01d5fc0cc4bfe6cf48d2c1b035200a5909d,célébrités
381,257,e4d19fa37b1a91961bc5ee397e70b5147fcdce8b,communautés de joueurs
382,258,e998d49625dd4fcf0b5cfe7a0b0c2177308a37dc,célébrités
383,259,e29d0da82271a2195e8f911d51eea17ca3437ac2,tendances saisonnières
384,259,e29d0da82271a2195e8f911d51eea17ca3437ac2,mode
385,259,e29d0da82271a2195e8f911d51eea17ca3437ac2,durabilité
386,260,9f5130904f7dab36983033ffbe0fd03a9aeca828,Station spatiale internationale
387,260,9f5130904f7dab36983033ffbe0fd03a9aeca828,recherche scientifique
388,260,9f5130904f7dab36983033ffbe0fd03a9aeca828,coopération internationale
389,260,9f5130904f7dab36983033ffbe0fd03a9aeca828,exploration spatiale
390,261,c24c377933b4db9b62f93471a112e00eb5669eb2,animaux sauvages
391,261,c24c377933b4db9b62f93471a112e00eb5669eb2,recherche scientifique
392,261,c24c377933b4db9b62f93471a112e00eb5669eb2,habitat naturel
393,262,67d0d3505bed9c6c9a37b00165f9e771b527273a,culture urbaine
394,263,0f3bcdd28ca2e9d5dfd0da40cf7455b911fd2feb,affaires internationales
395,264,987f9a897634c323ce9d5e95264a70dd20900f33,coopération économique
396,264,987f9a897634c323ce9d5e95264a70dd20900f33,développement durable
397,265,1a28175b01e10e0e23b34720dc5ea93f0415598a,exploration spatiale
398,266,54e4a8de36eb3fbed5e699053f2be8bc0d5a310c,bien-être
399,267,c3597b4aac7367183d638712e70de71af612c076,Station spatiale internationale
400,268,e2d2c74285e868c4c5a7d109d9cdc4a4cff3e7ae,migrations internes
401,268,e2d2c74285e868c4c5a7d109d9cdc4a4cff3e7ae,migrations externes
402,269,3e949c5acad75cbb4c7a3ba1b405f638849aaba6,célébrités
403,270,31e6f8dd7d6b9d0434a7c36590ba6a6d94d3e79c,changements climatiques
404,272,57af4474ef7553b3ad6a9b68725929d885607f94,animaux sauvages
405,273,e82e2ac26f9c45e5572624f087ac4edea1e3acf1,animaux sauvages
406,273,e82e2ac26f9c45e5572624f087ac4edea1e3acf1,biodiversité
407,274,e6f925c96465ac62e4d348481e7c6688efeaf31b,changement climatique
408,275,3089ae7ceaf52761c7bcaab1c01b42539fbab54b,commerce international
409,276,b866b732881ab4c419c3c09b81d5dc3e733498ee,croissance économique
410,277,fcda38e2e34024bc52a85b476f98bf9890c6993e,accessoires
411,277,fcda38e2e34024bc52a85b476f98bf9890c6993e,tendances actuelles
412,278,0e28cd2e1c03a9b8ac8a62e9d8122e9e21b45eb5,influenceurs
413,279,175e5d75bd0229e6653387ecf620cfde9d841873,animaux de compagnie
414,280,1ef7190543f981616d69eaaf18906dc319f2fe19,animaux de compagnie
415,280,1ef7190543f981616d69eaaf18906dc319f2fe19,bien-être
416,281,55043bec52e8841bd64a70d677016ab8ea49369f,changements climatiques
417,282,b3b1b317a0411efb15a2233027334297f93346a4,coopération économique
418,283,9cbab8d2b7d4baf529148c58a70cc470af5eef9d,animaux de compagnie
419,284,7ade9036ce83b73ce30955e235ada3a3c97483f6,sensibiliser le public
420,285,f8aea8f02c0319708673ca4d15baca8aca026375,réseaux sociaux
421,285,f8aea8f02c0319708673ca4d15baca8aca026375,influenceurs
422,286,e859b07d936faeff097b927642435a849ed651be,changement climatique
423,287,5fdb3f92869dd6cf934d28585d0b822303f40e21,droits humains
424,287,5fdb3f92869dd6cf934d28585d0b822303f40e21,organisations internationales
425,288,377aa56ade244631fc2577fba80142a7c284c128,célébrités
426,288,377aa56ade244631fc2577fba80142a7c284c128,mode
427,288,377aa56ade244631fc2577fba80142a7c284c128,accessoires
428,289,14f40b7beb154b40eb802d0387f09ac2e90e288e,commerce international
429,289,14f40b7beb154b40eb802d0387f09ac2e90e288e,croissance économique
430,290,af8356c35ff4604a79d2ea2d52ec836297b44614,exploration spatiale
431,291,fbe0ccf819ca27c8b8b0ea8ca0afb76ae6d04a25,mode
432,291,fbe0ccf819ca27c8b8b0ea8ca0afb76ae6d04a25,culture urbaine
433,292,6657d5b3188b4d093fd8ceef78fde376d44c2051,aide humanitaire
434,292,6657d5b3188b4d093fd8ceef78fde376d44c2051,affaires internationales
435,293,9007d733ae8042f12c19725dd09c966fbb18a48f,bien-être
436,293,9007d733ae8042f12c19725dd09c966fbb18a48f,animaux de compagnie
437,294,d413f1974c0e18c68ada933ea0b56f2476d9746e,migrations internes
438,295,bb17da6de2235b833a50d669e1d467c6ff56b46e,migrations internes
439,295,bb17da6de2235b833a50d669e1d467c6ff56b46e,migrations externes
440,296,d11e09df769be9a25d16913b32b8e36577df52ff,jeux vidéo
441,297,98770df757d32d9eb2527e52c00f3d8dc0bd0a1a,développement durable
442,298,7cec4ac16335460d9d99e64ba785428f86cb6cfd,célébrités
443,299,b8d3c06bd91be5676da5e841fc442d80bd8a28ee,droits humains
444,299,b8d3c06bd91be5676da5e841fc442d80bd8a28ee,affaires internationales
445,299,b8d3c06bd91be5676da5e841fc442d80bd8a28ee,coopération internationale
446,300,0da3bc35c055b0706585db2e60c0aba6e46d3258,réseaux sociaux
447,300,0da3bc35c055b0706585db2e60c0aba6e46d3258,jeunes
448,301,a543d2429e7092376019a442c6cf745a416686d4,enjeux climatiques
449,301,a543d2429e7092376019a442c6cf745a416686d4,jeunes
450,301,a543d2429e7092376019a442c6cf745a416686d4,changement climatique
451,302,9222ce0048a4668cbb3d8fe4fa1e6dd213dbcafb,tendances
452,303,8da18ccccd739fbc09a6109665d66e0f49babc89,affaires internationales
453,304,9555d4b3a9dd5f40cad06d30b1d2fec35917a10b,réalité virtuelle
454,304,9555d4b3a9dd5f40cad06d30b1d2fec35917a10b,expériences immersives
455,305,d272fafa960c10f28a8e4b7e987d3247668ec576,transitions politiques
456,307,8f50167de69d4386c5276e50c07a5cdb1ec1290a,biodiversité
457,308,b08078ed0435b672d3be08fea0f5c3916e550b36,sensibiliser le public
458,309,7bab98894a37587b0a85ae97defec73f1aa7e7a2,Fashion Weeks
459,310,38f1702dff61652384d38003debdcdb184f32c17,animaux sauvages
460,310,38f1702dff61652384d38003debdcdb184f32c17,habitat naturel
461,311,1ee5e7672f823568e8113c9e843ef01c610718bb,transitions politiques
462,311,1ee5e7672f823568e8113c9e843ef01c610718bb,affaires internationales
463,312,f8337bad6ccbd6b0ee2bb418481d57a75d0733f0,culture urbaine
464,313,1aec0af3325090e298cfa25fd8410c38a2e7f3a7,exploration de Mars
465,314,293f74163b47dfa4d4b995c307478f696335754a,entrepreneuriat des jeunes
466,315,dac4118bc3000fe7d09e78d52b1a413afab5bd85,culture urbaine
467,316,88c8fc78d3a8c149986d7be65f03501c490434a2,entrepreneuriat des jeunes
468,317,b77ba174f2e163ba003c11b92c46424ad0de028d,Fashion Weeks
469,318,bb4b3248ca501a0d5c1a5342f161e8c0f46b49df,jeux vidéo
470,319,5a5847590e629b81d54c34b60d1f852da73b101d,croissance économique
471,319,5a5847590e629b81d54c34b60d1f852da73b101d,politiques publiques
472,321,9597870536010016440a17e4887e772444bebefc,coopération internationale
473,322,5991715fe335b504b5db7f6f835717a02317e01d,marchés financiers
474,323,7b18c5f1af87ecdd6c144e9ed39ff28e42e69752,culture urbaine
475,324,2a06abf51efed23d1f7b7d9bfc6cc6477addcdf7,changements climatiques
476,324,2a06abf51efed23d1f7b7d9bfc6cc6477addcdf7,coopération internationale
477,325,86d052b11918a7882765a6f074ffd6f02728915c,engagement citoyen
478,325,86d052b11918a7882765a6f074ffd6f02728915c,jeunes
479,326,14de0eb3415cd98e2f1d1d9906e9a12e389d5249,mobilité internationale
480,326,14de0eb3415cd98e2f1d1d9906e9a12e389d5249,programme Erasmus
481,327,847d4b48c1495ac5c3306f472d9e51927b80adc3,engagement citoyen
482,328,dc5616949583bdf9975f8c1a78afdedbcf4804b8,observation de la Terre
483,329,9886eca45e5135807b1cd4d91971566653e42a35,enjeux climatiques
484,329,9886eca45e5135807b1cd4d91971566653e42a35,jeunes
485,329,9886eca45e5135807b1cd4d91971566653e42a35,réseaux sociaux
486,330,e7b6bcc915355e82f382d3f3fa3df6502e5d0fd8,bien-être
487,331,453495f1f8c897fbbb084c6ff4ad2f8a94d5d497,réseaux sociaux
488,332,8a684d9ec8df201425bc6522407ab93e2e449f36,biodiversité
489,332,8a684d9ec8df201425bc6522407ab93e2e449f36,espèces menacées
490,332,8a684d9ec8df201425bc6522407ab93e2e449f36,animaux sauvages
491,332,8a684d9ec8df201425bc6522407ab93e2e449f36,habitat naturel
492,333,b2695092a74c9dbcbbc489867c3383fb9dcc2a3a,communautés de joueurs
493,334,2884c447feab5d98dec55d0733847d10d85e40a5,réalité virtuelle
494,334,2884c447feab5d98dec55d0733847d10d85e40a5,réalité augmentée
495,335,8ea64f4b0121125ba9260c22ab5bdddf5a0b0929,célébrités
496,336,e240641e7f53737619952827f9afe84a8cfbd95f,marchés financiers
497,337,f8e124a8b053b5dc52864c0ce8d169598426439f,biodiversité
498,337,f8e124a8b053b5dc52864c0ce8d169598426439f,animaux sauvages
499,338,51f192867c41789c5fa6d6395263a1aeea3926c6,réseaux sociaux
500,339,28035cc7f40f8efc7a59c81bfbc72b0eae45cc20,enjeux climatiques
501,340,a3b2c532255b4f03927478d7ee0a53fca0992c04,exploration spatiale
502,340,a3b2c532255b4f03927478d7ee0a53fca0992c04,lancement de fusées
503,341,b707e6c644a9c7b68500e152f8d288972fe2b60f,organisations internationales
504,341,b707e6c644a9c7b68500e152f8d288972fe2b60f,développement durable
505,341,b707e6c644a9c7b68500e152f8d288972fe2b60f,coopération internationale
506,342,84facb910de2abfc35d56778fa139b2c66d847b5,animaux sauvages
507,342,84facb910de2abfc35d56778fa139b2c66d847b5,biodiversité
508,344,c13bb00556ce299dca7665f5cc9f7a501a96fea2,croissance économique
509,344,c13bb00556ce299dca7665f5cc9f7a501a96fea2,investissements étrangers
510,345,97c516e2214302c0791f680a38303f1c5ce4302d,animaux de compagnie
511,345,97c516e2214302c0791f680a38303f1c5ce4302d,bien-être
512,346,aba899a6d3964f0fddb65f4296734c4c6048083f,entrepreneuriat des jeunes
513,346,aba899a6d3964f0fddb65f4296734c4c6048083f,politiques publiques
514,347,5c23ca4e69982f19a2d757b0f1004ea2cd9e245b,animaux sauvages
515,347,5c23ca4e69982f19a2d757b0f1004ea2cd9e245b,habitat naturel
516,348,66cd59b4963768acd7e0eef488f19f34ef9cf854,célébrités
517,349,652dd50f9e5ed692c2f9e40b7a348d6c658d3832,animaux de compagnie
518,349,652dd50f9e5ed692c2f9e40b7a348d6c658d3832,tendances
519,350,3db2128684b89140f40d19ceeab8944a97e560aa,mode
520,350,3db2128684b89140f40d19ceeab8944a97e560aa,accessoires
521,351,fe4f1b59d37978f784d97584b295115ceedba44d,politiques publiques
522,352,17981c28fe31c0362315a71d20c74cdbe998b72a,mobilité internationale
523,352,17981c28fe31c0362315a71d20c74cdbe998b72a,programme Erasmus
524,353,3cd61551ec779a98550021b39db6d72295b36396,exploration de Mars
525,353,3cd61551ec779a98550021b39db6d72295b36396,coopération internationale
526,354,bfd5a7a1607e4abf7aa66e514171a62952def82a,changements climatiques
527,355,6a12350b2002b9a9b02e0556ebd92a01ee8184d9,engagement citoyen
528,355,6a12350b2002b9a9b02e0556ebd92a01ee8184d9,jeunes
529,355,6a12350b2002b9a9b02e0556ebd92a01ee8184d9,droits humains
530,356,cfcfb50c984f68305df5e94bc844e8bba65cb2b8,tendances actuelles
531,356,cfcfb50c984f68305df5e94bc844e8bba65cb2b8,animaux de compagnie
532,357,f873b907c1b7dcd14c13f24dfed834ef1aa37dc2,animaux de compagnie
533,357,f873b907c1b7dcd14c13f24dfed834ef1aa37dc2,tendances actuelles
534,358,fbbb1341bf5eeab41149f5884f18a2a3a0bccd3f,croissance économique
535,358,fbbb1341bf5eeab41149f5884f18a2a3a0bccd3f,développement durable
536,359,362d04567053095e3f426bab9215b8fd5930d271,animaux de compagnie
537,359,362d04567053095e3f426bab9215b8fd5930d271,bien-être
538,360,e50530cadf1d532e623c298a37e8175ee60e90b6,migrations internes
539,361,60fd178865b16627fbe3e5971b6f1cc195d0e3b6,animaux sauvages
540,361,60fd178865b16627fbe3e5971b6f1cc195d0e3b6,changement climatique
541,362,683f785d475bb2b3b82c2b969f881a09edaa30c8,tendances actuelles
542,363,083fdc37aa9b16263d7ebf7f0ccb106dabe459a9,biodiversité
543,364,70835d51aeda28034b46b58577caae98c7c9c787,célébrités
544,365,5039bc2f102b551894ebf5414400b7836295708b,animaux sauvages
545,366,c5cc19304808ef8355d32b370cf406f39b1e4b8e,jeux vidéo
546,367,485a922c6e7750a3a0a7cc0fee9ff596e8ef3dc5,commerce international
547,367,485a922c6e7750a3a0a7cc0fee9ff596e8ef3dc5,coopération économique
548,368,695a0ac1a842a3a1ee85cfc2a3364eddb0a88311,mobilité internationale
549,368,695a0ac1a842a3a1ee85cfc2a3364eddb0a88311,programme Erasmus
550,368,695a0ac1a842a3a1ee85cfc2a3364eddb0a88311,jeunes
551,369,0e57ede7fea8abe5ea2933e42a5f7b25db664ea8,célébrités
552,370,e9af3ac9fc14488815755f5fdcc04153d917ed98,tendances actuelles
553,371,d3c82e941221d86135e121e41ee660559f0c1de0,animaux de compagnie
554,372,6a0ab205645c6e1e7fe077f8f9e1999caaa3b8b1,exploration spatiale
555,373,228c91b29b30479b8c388b57a9041bd4ce07e17c,tendances saisonnières
556,374,ee3283e0eec294eb49b24f8bf3c049b9d4fa0ed4,sensibiliser le public
557,375,86af66d1a2fca72f3cd4e9d207719498cc0cd0e2,observation de la Terre
558,375,86af66d1a2fca72f3cd4e9d207719498cc0cd0e2,changement climatique
559,376,02c736bab6fb2eb30a0f7a7640910fc4c0f88817,Station spatiale internationale
560,376,02c736bab6fb2eb30a0f7a7640910fc4c0f88817,coopération internationale
561,377,ee1dc9d9c3d3fc7d2ada08a031f674a78468bb73,mobilité internationale
562,377,ee1dc9d9c3d3fc7d2ada08a031f674a78468bb73,programme Erasmus
563,378,9e8c1652ca829efa852b7fefbbb7fa3ed1b8a59c,santé publique
564,378,9e8c1652ca829efa852b7fefbbb7fa3ed1b8a59c,épidémies
565,378,9e8c1652ca829efa852b7fefbbb7fa3ed1b8a59c,collaboration internationale
566,379,2a79eec386735874519ea6b4a6bfba2cb087c052,influenceurs
567,379,2a79eec386735874519ea6b4a6bfba2cb087c052,réseaux sociaux
568,379,2a79eec386735874519ea6b4a6bfba2cb087c052,tendances
569,380,7dcdcbcbed5f67934d020a2eed7e95323d36a853,exploration de Mars
570,380,7dcdcbcbed5f67934d020a2eed7e95323d36a853,recherche scientifique
571,381,c8e2fb7d8b668a1fb41294d8c981e423d947f724,célébrités
572,382,bac2ad27b9aa2c058ec6fb35d21d021f22a182dc,influenceurs
573,382,bac2ad27b9aa2c058ec6fb35d21d021f22a182dc,réseaux sociaux
574,383,4275be55028e2b5d5e8441fe4377a4191958c5e0,tendances saisonnières
575,384,a58cf34a3a4f729c6143b6eada79e21b89d93ac9,jeux vidéo
576,385,bd40b9593acc975746ce17b2a51cc4872d3c9044,engagement citoyen
577,385,bd40b9593acc975746ce17b2a51cc4872d3c9044,jeunes
578,386,33c96caad4476a5f9753979cfaac5eae161063ba,animaux sauvages
579,387,2b496cc548615239107b74b4c524fc56fcd3ef33,réseaux sociaux
580,388,2cec9f5c57914d705d2d5a17926f1ba3a81385da,changements climatiques
581,388,2cec9f5c57914d705d2d5a17926f1ba3a81385da,biodiversité
582,389,d0ab7ccf3743d20f7e59bcea0a40bf6f38e6cf37,commerce international
583,390,607074a5e752bf1cc2fc9573d76b1276d468caf4,animaux de compagnie
584,391,5d5d0265210cdb0b05f6a3c4872da304aa25fdca,coopération économique
585,391,5d5d0265210cdb0b05f6a3c4872da304aa25fdca,affaires internationales
586,392,daf49fbc2f1b954e210246765bea20d8bc2bb592,célébrités
587,392,daf49fbc2f1b954e210246765bea20d8bc2bb592,mode
588,393,736383de04b6bd610c2db1636a8beaee13a236b7,animaux sauvages
589,393,736383de04b6bd610c2db1636a8beaee13a236b7,changements climatiques
590,394,2dd823980a69c22f00e764f0b7fee51756ba58a5,jeunes
591,395,2fd82d4111a05dfc9e87bab73a474b8a445db704,célébrités
592,396,1828979c2bd7c06c72bb24979c13e287ae859aec,jeunesse
593,397,28e9253201bbad218082304c8128813959a3dd0f,commerce international
594,398,c6078d52510dba58120ffd8ebefd03102a6f3b65,biodiversité
595,398,c6078d52510dba58120ffd8ebefd03102a6f3b65,animaux sauvages
596,399,34d94a3e43a90565274bfb8aae96ed2e38ba91a7,tendances saisonnières
597,401,df59c4ecb072e63a5b123d052adeb30a674a7fa9,observation de la Terre
598,402,988d549705da871765210c46f4d0f9a7b4d003ca,influenceurs
599,403,c199b17f8fa7b202bf173df08bd74a2929e337bf,culture urbaine
600,404,934e6d5fb5cd676a2a944740aee05753b96c6dad,animaux de compagnie
601,405,473f7851db02d9c46ef575148cd6ed4a817c5219,exploration spatiale
602,406,24dcf42781882b244df1c95c12dec8a02932e282,recherche scientifique
603,406,24dcf42781882b244df1c95c12dec8a02932e282,animaux sauvages
604,406,24dcf42781882b244df1c95c12dec8a02932e282,biodiversité
605,407,be1a2df418deb07329a05d81c1bb9c1565955836,animaux sauvages
606,407,be1a2df418deb07329a05d81c1bb9c1565955836,espèces menacées
607,408,537ee4a32823bc9565e5a2c45d728de1ae848cf1,célébrités
608,409,2f3e823fa191372b62446412e191823164089198,jeux vidéo
609,410,b22bfd77a32bceaee90343c06c3d713343ee62b5,célébrités
610,410,b22bfd77a32bceaee90343c06c3d713343ee62b5,réseaux sociaux
611,411,fabe889b9b1c328e67c2b400459d671d8a2966e6,tendances saisonnières
612,411,fabe889b9b1c328e67c2b400459d671d8a2966e6,mode
613,412,ee70985bf9cb9920ca6104aa8d728221b3ccf81c,enjeux climatiques
614,412,ee70985bf9cb9920ca6104aa8d728221b3ccf81c,changement climatique
615,413,5d12010fa90044e96551783b54bdf5264acfe5d6,entrepreneuriat des jeunes
616,414,fb460583e3d5bb939a6d891b67bbc8be968e4519,réalité virtuelle
617,414,fb460583e3d5bb939a6d891b67bbc8be968e4519,jeux vidéo
618,415,3ba6b4527531ea258089b145ab1993e8c6c426db,animaux de compagnie
619,416,221756626be03bbab2af43379cbc7bfca2843de7,célébrités
620,417,aace6b2416dc3a07a53bcdf492cac38f55ff2156,croissance économique
621,417,aace6b2416dc3a07a53bcdf492cac38f55ff2156,investissements étrangers
622,418,cdc2ff5e1a278a66731f263e9e68ad152d3621fd,accessoires
623,419,39bd34a36f5e2b71662ef7b45014136f7ac3e457,animaux de compagnie
624,419,39bd34a36f5e2b71662ef7b45014136f7ac3e457,bien-être
625,420,534fe70df932c1fea3465770bc70219dfdd8e992,biodiversité
626,420,534fe70df932c1fea3465770bc70219dfdd8e992,animaux sauvages
627,420,534fe70df932c1fea3465770bc70219dfdd8e992,espèces menacées
628,421,71d6f450e5d8f741d4312c868a309f70b168452d,coopération internationale
629,422,a3db6819cd325622c22d5aa063ecd24b9cbe69fa,Fashion Weeks
630,423,c0747a35fe8f29d539ac1430bd67f0fe4c241df6,santé publique
631,424,b330ea32219bb7f94fc40c1c8ada3a87513174d2,observation de la Terre
632,424,b330ea32219bb7f94fc40c1c8ada3a87513174d2,changement climatique
633,425,27f4dbd946dec37192b819cad049f96040490b21,animaux de compagnie
634,425,27f4dbd946dec37192b819cad049f96040490b21,bien-être
635,426,d340f9806fb731c2d415c44a9e36788df94855e4,communautés de joueurs
636,427,12243a99d74e8d2d462099ebe466f946d6a96ea2,réalité virtuelle
637,427,12243a99d74e8d2d462099ebe466f946d6a96ea2,réalité augmentée
638,427,12243a99d74e8d2d462099ebe466f946d6a96ea2,expériences immersives
639,428,03e4fcf3db16abd1c6c272dba429ceee342f3a7b,affaires internationales
640,429,7f0b4a9739ebfd61c93aa649e9a2ce82dabecc08,commerce international
641,430,943b35258e14c6403d374672aa0bd8819d212d18,bien-être
642,430,943b35258e14c6403d374672aa0bd8819d212d18,animaux de compagnie
643,431,1dc7cc06292cb624a4d7169e7e2b0754f9d062d4,croissance économique
644,431,1dc7cc06292cb624a4d7169e7e2b0754f9d062d4,investissements étrangers
645,432,104511f8985f65d29b0c696893b3e0b100bba915,Station spatiale internationale
646,433,f0c5989fb48373834a06a6931b86f9e42c02bfc0,marchés financiers
647,434,a231c1dca47267579637d59e206e520c390b51aa,santé publique
648,434,a231c1dca47267579637d59e206e520c390b51aa,épidémies
649,436,2c461cd54ee546db0271eea5d103241b3811950a,jeux vidéo
650,437,4a8b078bca4a2b0ae51c4da11ef05f2348b121b4,exploration de Mars
651,438,e819ddc278aa65c0d803f32f257876718b1cd785,jeunesse
652,438,e819ddc278aa65c0d803f32f257876718b1cd785,réseaux sociaux
653,439,cc80b90e0bef95f68061734409c840c7be771a41,développement durable
654,439,cc80b90e0bef95f68061734409c840c7be771a41,collaboration internationale
655,440,4547809df081b1d64d7a2b1a070302f3d78e5ea0,réalité virtuelle
656,441,440c06b90bc94ab671934eb676da9173a0f1d22b,réseaux sociaux
657,442,01c14a42a319b387fa34e177dc5de9b0758dc104,réseaux sociaux
658,443,db4588a2bdf6acb5f8855fab701a7294605081dd,tendances
659,444,2294010ad6bd065906714f545c2f42657ed8a37e,affaires internationales
660,444,2294010ad6bd065906714f545c2f42657ed8a37e,transitions politiques
661,445,2638b9657e7d9e5bbf89e89f4552ece2d4229abc,commerce international
662,446,9539b4488ced2df365e7f3157a852ab29a281e99,réseaux sociaux
663,447,4eda281b3c9917326887a9bdc2f08244b3208f4c,animaux de compagnie
664,448,a945a015a2e6232908a1966c7603571149027f6c,croissance économique
665,448,a945a015a2e6232908a1966c7603571149027f6c,investissements étrangers
666,449,cd7cba61e0c5c130a12f5221e228643acde2ae94,exploration de Mars
667,450,d1270c573c5bea37f8639134a909fa3d896baf3b,coopération économique
668,451,70830829f4a60397a8588efb9e8fab284fb3fd65,sensibiliser le public
669,452,09a64efcba3181eebfe70f817f7e5bb12bb64e46,célébrités
670,452,09a64efcba3181eebfe70f817f7e5bb12bb64e46,mode
671,452,09a64efcba3181eebfe70f817f7e5bb12bb64e46,tendances
672,453,5ede78fc8eac55725ebab37e6b69e8eccd173c49,communautés de joueurs
673,454,78b9526df9460847ba12e3a596478475aa531df0,programme Erasmus
674,454,78b9526df9460847ba12e3a596478475aa531df0,mobilité internationale
675,454,78b9526df9460847ba12e3a596478475aa531df0,jeunesse
676,455,c4815ff3d88d714d2feef9050a5dfc2876cabeb5,animaux sauvages
677,456,20c547e0ee904724744967340f288e9c776dbe73,coopération économique
678,456,20c547e0ee904724744967340f288e9c776dbe73,investissements étrangers
679,457,1d8b0db08b8b3f5fccc5f986bca494a669799309,tendances saisonnières
680,457,1d8b0db08b8b3f5fccc5f986bca494a669799309,accessoires
681,458,794c90beb9f51c5291becf42a8ba9c4bd8c47cc4,animaux sauvages
682,458,794c90beb9f51c5291becf42a8ba9c4bd8c47cc4,biodiversité
683,459,11b8c71d48f55ff66bab0db952bfd29fbaef54cb,animaux de compagnie
684,460,5d88cccd72759ef7eeb3d512fafe173d1ef9ba3f,culture urbaine
685,461,ccd23f241fd43180ca2ddadd426717898942aaee,engagement citoyen
686,462,395452b56265c8779c068ed44725a510764f8beb,santé publique
687,462,395452b56265c8779c068ed44725a510764f8beb,collaboration internationale
688,463,28d44eb2f6d887a3e61a2f9b4a48f6941227cf38,réseaux sociaux
689,463,28d44eb2f6d887a3e61a2f9b4a48f6941227cf38,jeunes
690,464,61695719665748e24ea6df12bb10f36adc0f8bcd,biodiversité
691,465,ab73d1fa3f6c73c3b9be5d70236c581766a4facd,animaux de compagnie
692,466,a389c5fbb75cc4f8972652585c11520679042205,célébrités
693,467,a6c0332ee29738d9735a7ecd776d034d9179e376,jeunes
694,468,974f5edad8db8ebad80b7d73868df17672a681cf,animaux de compagnie
695,468,974f5edad8db8ebad80b7d73868df17672a681cf,accessoires
696,468,974f5edad8db8ebad80b7d73868df17672a681cf,bien-être
697,469,3742d9277f5e332257267d4d01641313d40bd3a0,exploration de Mars
698,470,bd0f95961fb3ddb29c5fcfafb4a8394e0476fd24,animaux de compagnie
699,470,bd0f95961fb3ddb29c5fcfafb4a8394e0476fd24,bien-être
700,471,2090dcbd568f94e03762a87ce27b0a45dc665d22,jeunesse
701,472,351d0503590ba1035a1dca8dee3730a87639a988,coopération internationale
702,473,6452e126acb12bb9223a2b3e62f8d76bac37cab0,réseaux sociaux
703,473,6452e126acb12bb9223a2b3e62f8d76bac37cab0,influenceurs
704,474,d0048b425631869fc09b962a6a666b7e9d2bbb86,Station spatiale internationale
705,474,d0048b425631869fc09b962a6a666b7e9d2bbb86,recherche scientifique
706,475,302725cb09426affb055f3fcf5fe332ce86d87c2,croissance économique
707,475,302725cb09426affb055f3fcf5fe332ce86d87c2,investissements étrangers
708,476,133fe72b5bbc2eaa7fabd75c62b8cdea5990bb72,droits humains
709,477,bdf22ee9b8309ff55961b740d329e9e7ad3380a9,observation de la Terre
710,478,55bfba0088c3aec56d8543b0f892e7fe30bdc3f0,accessoires
711,478,55bfba0088c3aec56d8543b0f892e7fe30bdc3f0,mode
712,478,55bfba0088c3aec56d8543b0f892e7fe30bdc3f0,tendances actuelles
713,479,8144de9ae973a27866dbf429e0b8a4e42d5e2e8b,jeux vidéo
714,480,09117d96a15aad98766eb85a5a3445c0d0e6ab11,animaux de compagnie
715,481,c79373e8998c612fbadee4a67bc4358db352b637,réseaux sociaux
716,482,e205332b056d7b3138060efd0eb70ab5d78a76da,animaux sauvages
717,482,e205332b056d7b3138060efd0eb70ab5d78a76da,biodiversité
718,483,f411251b2e52f5b0a98d6c4f42297fbe4500d04c,développement durable
719,484,137ed1ee14c629a41629cb91d26b2d48f1a3b585,animaux de compagnie
720,484,137ed1ee14c629a41629cb91d26b2d48f1a3b585,bien-être
721,485,26af755a08fba3e5a8eeed40c6553feddfa10be1,tendances saisonnières
722,485,26af755a08fba3e5a8eeed40c6553feddfa10be1,mode
723,486,6aa23ca6da82f94d204b21e7ba6e19f06a9fefb7,jeux vidéo
724,487,c6035a9af9945e98c03f8969ca6ffe899d29dd89,croissance économique
725,488,7b32390cf9a839205f99937b22a8ff2fb53a9903,mode
726,488,7b32390cf9a839205f99937b22a8ff2fb53a9903,célébrités
727,488,7b32390cf9a839205f99937b22a8ff2fb53a9903,tendances
728,489,a42a81c53d0d1a6c002302722f1f8dc180179421,animaux de compagnie
729,490,03d27325f32f9cba6051bd3bfe0225da6d6d2a60,célébrités
730,492,2c20d06554df015ffcf3640719147c04d9b5d94a,aide humanitaire
731,493,dcbca42314ae481bf828383ffe7c5efca1d4907f,santé publique
732,493,dcbca42314ae481bf828383ffe7c5efca1d4907f,épidémies
733,494,bf30a1a21c3760d63b86bed63675b8d5d5b80821,influenceurs
734,495,e7887b166358d206bffc2a0554aaecdb2caa6f2b,droits humains
735,495,e7887b166358d206bffc2a0554aaecdb2caa6f2b,affaires internationales
736,495,e7887b166358d206bffc2a0554aaecdb2caa6f2b,organisations internationales
737,496,19fe3fbca80258a9ec94ab6cdec1924d6354b21f,aide humanitaire
738,496,19fe3fbca80258a9ec94ab6cdec1924d6354b21f,affaires internationales
739,497,fda910d91e22fc9afaecfff1b0841ce88e3effdf,célébrités
740,498,bf05af945f87a0756b7ab979ecb202712728217a,transitions politiques
741,498,bf05af945f87a0756b7ab979ecb202712728217a,affaires internationales
742,499,8f34e89e4a93669b97676f56ca08407d20abf250,développement durable
743,500,1d00ddc0fbed93e571be05ab709383d62e8dbe50,animaux sauvages
744,500,1d00ddc0fbed93e571be05ab709383d62e8dbe50,habitat naturel
745,501,6b8f26ce4408662d7a5b6523180897fc79a420ba,animaux de compagnie
746,501,6b8f26ce4408662d7a5b6523180897fc79a420ba,bien-être
747,502,d939331cd48cd610255b996a6fd2651b67f87b5a,célébrités
748,503,c41c3a656e15b3ca118b1b6b6257d9c5ab6e1511,célébrités
749,504,343fe97b84205e3ba2213c778cf82231904b5f68,changements climatiques
750,504,343fe97b84205e3ba2213c778cf82231904b5f68,animaux sauvages
751,505,6d6a5a1b2477dd161745a1655d743a32ed913ae5,coopération internationale
752,506,66e452d90bcd646a00ffe5881065aae543b22104,tendances saisonnières
753,506,66e452d90bcd646a00ffe5881065aae543b22104,mode
754,507,87dca5343ac12098da2ff37cceda271d25995461,entrepreneuriat des jeunes
755,508,d4245c8e5400b45e28161be3de4e77d5cd386604,Station spatiale internationale
756,509,f94b1b19d513a321c13244790136e377d552243d,développement durable
757,510,3f8db5cfa6d10b1f0dee2cb515251eee81ce614b,santé publique
758,510,3f8db5cfa6d10b1f0dee2cb515251eee81ce614b,épidémies
759,511,9e2e037226e9e86652c52f29c4256a36f1a0affd,célébrités
760,511,9e2e037226e9e86652c52f29c4256a36f1a0affd,mode
761,511,9e2e037226e9e86652c52f29c4256a36f1a0affd,tendances
762,512,955badf3525c65846263e71b22d8bc9c1f7b1ddc,coopération internationale
763,512,955badf3525c65846263e71b22d8bc9c1f7b1ddc,développement durable
764,512,955badf3525c65846263e71b22d8bc9c1f7b1ddc,santé publique
765,513,dd6db2eeee9557c0d06f55002455c61767424aa5,célébrités
766,513,dd6db2eeee9557c0d06f55002455c61767424aa5,réseaux sociaux
767,514,b61c7da2bce25a41b6a35fe00b9edf58e940260b,aide humanitaire
768,515,7dfbead9dc75bc16648ca84df96bec1aa7e23517,influenceurs
769,515,7dfbead9dc75bc16648ca84df96bec1aa7e23517,réseaux sociaux
770,516,7ed5d187002d680845e5d5e3e9620519a260cc20,animaux de compagnie
771,517,d2ef4dfcdb45d5901a47a76bdcff1ed784221cc7,animaux sauvages
772,517,d2ef4dfcdb45d5901a47a76bdcff1ed784221cc7,habitat naturel
773,518,891b2525613003203c7e4395c3e9e9a50e464c4c,droits humains
774,518,891b2525613003203c7e4395c3e9e9a50e464c4c,organisations internationales
775,519,7e128f35895a02dd340fe128487bbe70b10b7ec1,affaires internationales
776,519,7e128f35895a02dd340fe128487bbe70b10b7ec1,transitions politiques
777,520,b102eac2d269c722a34d612e4c03ef4ba563a82e,épidémies
778,521,0e324c447bc413a139cdf00e2a7140b6760063c9,exploration de Mars
779,522,35d261e2a2cc020bf6278ce7287e6be1c2a6d34b,enjeux climatiques
780,523,aa09164bd5e418481cd27054f17291e34f065f11,droits humains
781,524,cd39ef95e1d46c62589c629f1e601cb862e781a8,Fashion Weeks
782,525,d8c96c867bc8b788727da9504391cb202e02d69f,coopération internationale
783,526,7a02faa55bce6567c61d09771dad74b085d2712a,politiques publiques
784,527,62d8d5be461b821392c6626b4fa573565a933189,tendances actuelles
785,528,0a851da6f9094bc1500eba1d76f64ff5817103dd,croissance économique
786,528,0a851da6f9094bc1500eba1d76f64ff5817103dd,investissements étrangers
787,529,6f163d9be7bf594703f1f0523fd100bac65ed3a7,lancement de fusées
788,530,f4695bfa55aff54c5edaf3f0a1b07942db1bd47e,changements climatiques
789,530,f4695bfa55aff54c5edaf3f0a1b07942db1bd47e,animaux sauvages
790,530,f4695bfa55aff54c5edaf3f0a1b07942db1bd47e,biodiversité
791,531,da61b6121488ef4a219755c12b2bf69e00a766b5,exploration spatiale
792,532,750312687981ff3c1be406479886761eae34550f,engagement citoyen
793,532,750312687981ff3c1be406479886761eae34550f,jeunes
794,533,c5b532c966b4039f2647695262e4e5d61121ef81,bien-être
795,534,6e06516539cd4ac943d8bfc4998ca3851eca09a8,lancement de fusées
796,536,e3bd6bb11025a364f0485f1767a50b81fd2ff64a,accessoires
797,536,e3bd6bb11025a364f0485f1767a50b81fd2ff64a,durabilité
798,537,300e6d4e1e43e6ecfade8260ab4ad2d345f44a3d,durabilité
799,538,33333bf1503b05bcf42a771976c63da4a1d923d9,Station spatiale internationale
800,538,33333bf1503b05bcf42a771976c63da4a1d923d9,collaboration internationale
801,539,abb021d309af3fa942bde44d0126725de69fd430,transitions politiques
802,540,e430ad49058018a2807cc3c568aa726f6d8dc2d6,animaux sauvages
803,541,e4ac64ac9fda4aa78668d3e03c0b14e5846316f3,mobilité internationale
804,541,e4ac64ac9fda4aa78668d3e03c0b14e5846316f3,programme Erasmus
805,542,254b8f438d0a27a34fc69a2fbc3a1aac7613c698,politiques publiques
806,543,d5c998725445efbaf2568bea714153396bc1a21c,transitions politiques
807,544,911c3359d7bd7771106f88fdb5b56a485fc54d14,observation de la Terre
808,545,35c5685f249f54d02444bdca126d59fe639edf7c,jeunesse
809,546,05083ac9d0a234ce17ffa1228884b106c15a0254,commerce international
810,546,05083ac9d0a234ce17ffa1228884b106c15a0254,affaires internationales
811,547,5c91fd203bc2255b3de36b2ae86ef3cb7644f1e2,expériences immersives
812,547,5c91fd203bc2255b3de36b2ae86ef3cb7644f1e2,réalité augmentée
813,547,5c91fd203bc2255b3de36b2ae86ef3cb7644f1e2,durabilité
814,548,a731361ff2436191e5f2290a8ad0a6ce46d283c9,croissance économique
815,549,bc36beb3661c3e2d670d549c641c67c792ddf93f,observation de la Terre
816,550,7abd10fee93748e4f4fe6bf954ddb926dcfba185,animaux sauvages
817,551,91c9de4753d73fd58bf85334057beb2070a2a8b4,bien-être
818,552,b423edeb9e7f2bd96879c52dd9941bdf6ee7c85f,politiques publiques
819,552,b423edeb9e7f2bd96879c52dd9941bdf6ee7c85f,durabilité
820,553,e1daebeafc2e417c8f9297fed9c25dccd9c98048,coopération économique
821,553,e1daebeafc2e417c8f9297fed9c25dccd9c98048,développement durable
822,553,e1daebeafc2e417c8f9297fed9c25dccd9c98048,investissements étrangers
823,554,52324c3179e701873e1e3279181ac0e7437d62b6,changements climatiques
824,554,52324c3179e701873e1e3279181ac0e7437d62b6,biodiversité
825,554,52324c3179e701873e1e3279181ac0e7437d62b6,espèces menacées
826,555,380148b1b7c9e89a5da3d9aa21067e3bc0893bb0,tendances
827,556,4e4c76e89de52986ff567afed329b8de37860cd4,célébrités
828,557,82796fe4eff6be255fe3a24376a783febc4d5139,biodiversité
829,557,82796fe4eff6be255fe3a24376a783febc4d5139,espèces menacées
830,557,82796fe4eff6be255fe3a24376a783febc4d5139,animaux sauvages
831,558,3e63c917bca2b1ac857871f5b7d0de3c4f909ab9,biodiversité
832,558,3e63c917bca2b1ac857871f5b7d0de3c4f909ab9,changement climatique
833,559,41be78715fd0dd35fc6a34fe7cbca3812997fcc3,habitat naturel
834,560,82d1edd02b398ad62324badc2341c6973261fc38,droits humains
835,560,82d1edd02b398ad62324badc2341c6973261fc38,affaires internationales
836,561,e1537d4eb0b9347e3feca64d1bd5ca4ea3e66f4a,jeux vidéo
837,562,33b1c303cdf7e339e1a46d2bf1419034e7751f37,jeux vidéo
838,563,67798c14be521aa09b7cdcc5fe86c3b947612129,animaux de compagnie
839,563,67798c14be521aa09b7cdcc5fe86c3b947612129,bien-être
840,564,f9675e893eced15bbd6f68189b0bfc4963d1471c,animaux de compagnie
841,564,f9675e893eced15bbd6f68189b0bfc4963d1471c,tendances
842,565,4afdc1ad70cbddb4b08fe816001d6eea32f634c7,commerce international
843,565,4afdc1ad70cbddb4b08fe816001d6eea32f634c7,coopération économique
844,565,4afdc1ad70cbddb4b08fe816001d6eea32f634c7,développement durable
845,566,908568a5769cdb36afa1ad3d6ef590d5145f765a,politiques publiques
846,566,908568a5769cdb36afa1ad3d6ef590d5145f765a,développement durable
847,567,2593e6e3fbb6d67ec693fa7a15db731f7095d55d,Station spatiale internationale
848,567,2593e6e3fbb6d67ec693fa7a15db731f7095d55d,coopération internationale
849,568,139ea70563966f90fc1545ad2d2285381fbc44bb,Fashion Weeks
850,569,d3d63c274d4ead7e78f918d4c9ceb69fa29be064,croissance économique
851,569,d3d63c274d4ead7e78f918d4c9ceb69fa29be064,investissements étrangers
852,570,d6c8b2bed64b2df478182862866aea674928eb3a,coopération internationale
853,571,5f504281de9a9c721d9548e3df0b5e3233b12cc8,influenceurs
854,571,5f504281de9a9c721d9548e3df0b5e3233b12cc8,réseaux sociaux
855,572,cf40c915945c53443f10f55bab69f69d18054792,animaux de compagnie
856,573,1e6b7e1c249f67da68f0bf9bdc0e57d4b835e7cc,marchés financiers
857,574,bde712ede9ac17e214e93f72451900473358eb87,Station spatiale internationale
858,574,bde712ede9ac17e214e93f72451900473358eb87,coopération internationale
859,574,bde712ede9ac17e214e93f72451900473358eb87,exploration spatiale
860,575,9322bd422ce9d95eafbe79fbf61ef13108cc3af9,réseaux sociaux
861,576,b69f16e3bdad402d006e8d03c4268c541368352e,croissance économique
862,576,b69f16e3bdad402d006e8d03c4268c541368352e,investissements étrangers
863,577,b8d98cbf49567e8a854ffc519d6e245f7548289d,affaires internationales
864,578,510914c7079a2c7f32d669ac8caddf6471763d24,réseaux sociaux
865,578,510914c7079a2c7f32d669ac8caddf6471763d24,influenceurs
866,579,5b57c13e58661743756e3731c5c9d34682c06465,commerce international
867,580,df13c0d4d172d165d9524b59192e980cc4dcfa03,coopération économique
868,580,df13c0d4d172d165d9524b59192e980cc4dcfa03,développement durable
869,581,613bc0e88268167f18c1bc16176c578a454e1c94,célébrités
870,582,887dec18ee99b4e3a433647a5f8e414c1cb6ff2e,biodiversité
871,583,70a76ea34b36b76c50648b29b486bc056b79d0fd,sensibiliser le public
872,584,49a1edfe384bccfb1df3a841c270f61d9bb69f60,changements climatiques
873,585,c3bd3042707aec479060487cad41b303248e6b18,santé publique
874,585,c3bd3042707aec479060487cad41b303248e6b18,épidémies
875,585,c3bd3042707aec479060487cad41b303248e6b18,coopération internationale
876,586,e93b61db4540a752d22fed6e0ff68fd6c1850955,célébrités
877,586,e93b61db4540a752d22fed6e0ff68fd6c1850955,réseaux sociaux
878,587,e5c819e7dc8355d26ae3e944b8d3bf42a88689f6,mobilité internationale
879,587,e5c819e7dc8355d26ae3e944b8d3bf42a88689f6,programme Erasmus
880,588,f754216208fba5245c0bfa6440e7fe7f7fea6264,changements climatiques
881,589,30eec07636881c2cb86beadf47713af150adb16d,affaires internationales
882,589,30eec07636881c2cb86beadf47713af150adb16d,coopération internationale
883,590,ac3cc89a8b5f8fc8b976d07e680ba88f1805568e,coopération internationale
884,591,c3fc12c72d939b2ff9130172602c64ef18c5fc90,croissance économique
885,592,36b705cbae1bf673ec227f120ec803d488b43989,affaires internationales
886,592,36b705cbae1bf673ec227f120ec803d488b43989,transitions politiques
887,593,0541ba08cd50190bbdf1715eecbf18deca20385f,sensibiliser le public
888,594,7c8c36dcda6be853a4db4b7fdbda5b7e54960472,entrepreneuriat des jeunes
889,595,1c5bbd2279c4c09b856a4aacc2304a6994b44208,animaux de compagnie
890,596,52e4cac10de0cbfd9297c8fa29ca058209676ae9,migrations internes
891,596,52e4cac10de0cbfd9297c8fa29ca058209676ae9,migrations externes
892,597,4289a341c556cbda48a779cc7e7db51a3aeea9b2,habitat naturel
893,598,3cf536df9301411a0503eb340f79d4c19885cb6f,engagement citoyen
894,598,3cf536df9301411a0503eb340f79d4c19885cb6f,jeunes
895,599,d39d22c234c922afcaf0ec4ac5800f521a1627a6,animaux de compagnie
896,599,d39d22c234c922afcaf0ec4ac5800f521a1627a6,accessoires
897,599,d39d22c234c922afcaf0ec4ac5800f521a1627a6,bien-être
898,600,5941088782c3f79190fafac8b6b580eae7a1fe6d,observation de la Terre
899,601,da8fc38cb496c9a9498ba450e723bd376451090f,culture urbaine
900,602,0524e0536ad1541f4af77674ab620d086b4f9ff5,engagement citoyen
901,602,0524e0536ad1541f4af77674ab620d086b4f9ff5,jeunes
902,602,0524e0536ad1541f4af77674ab620d086b4f9ff5,réseaux sociaux
903,603,6744cd5608b7f6e565d0f4e8aebb8235254e91a9,animaux sauvages
904,604,2e36f00ec17420974626bb6b4b4aadc0c49d8ef9,marchés financiers
905,605,f4e128ae367041c64d58633c81c58ed90a345219,transitions politiques
906,606,ef931406bbdb2a10a4c45439d53554d86b7fba29,célébrités
907,606,ef931406bbdb2a10a4c45439d53554d86b7fba29,influenceurs
908,606,ef931406bbdb2a10a4c45439d53554d86b7fba29,réseaux sociaux
909,607,c7c7f255bbf2bc60afc19f5914c91940eb288ae8,exploration spatiale
910,608,f1f230ff2a83cbeb59e6518a784ece4985fa3552,animaux sauvages
911,608,f1f230ff2a83cbeb59e6518a784ece4985fa3552,biodiversité
912,609,60568c2f309fc2b57df570cbc0a6158c702083f1,communautés de joueurs
913,609,60568c2f309fc2b57df570cbc0a6158c702083f1,jeux vidéo
914,610,1068bb912eb13d68a2d446ba5a7b62a7d4a72b53,réseaux sociaux
915,610,1068bb912eb13d68a2d446ba5a7b62a7d4a72b53,jeunesse
916,611,b6af8a60f910a8e350704ebb9929067189b291e5,enjeux climatiques
917,611,b6af8a60f910a8e350704ebb9929067189b291e5,jeunes
918,612,4e30952bef07e1ce3d32c22d82667f8bdd3c6c6f,exploration spatiale
919,613,e3e151de78be064840b973b5ca9101923c28b261,lancement de fusées
920,614,1bb03bb36e54542af6d00cff965acb810ad8f203,célébrités
921,614,1bb03bb36e54542af6d00cff965acb810ad8f203,influenceurs
922,614,1bb03bb36e54542af6d00cff965acb810ad8f203,réseaux sociaux
923,615,30b83a9f5224f4333f108c55df810e28e405bede,biodiversité
924,615,30b83a9f5224f4333f108c55df810e28e405bede,animaux sauvages
925,615,30b83a9f5224f4333f108c55df810e28e405bede,sensibiliser le public
926,616,43fa598a56a90c964bc9e07efe7761f4b6d36aad,croissance économique
927,617,825c37c56b45333c497dbbf142c45fc7a908e33b,coopération internationale
928,618,755c99724dcee46ea6da5c0752a5ce0e25bb3f9f,expériences immersives
929,619,8e8b52d229420bbbc4bd3ff1b7b9c95c15cfcc3b,célébrités
930,620,8b34ad178a5bb76d1ffb7b8ff55215eaef4e572d,animaux sauvages
931,620,8b34ad178a5bb76d1ffb7b8ff55215eaef4e572d,biodiversité
932,621,f147168eb80e9c42dbe5efb6087f6bcb5c4e60eb,transitions politiques
933,622,d9d1b72d6879458192b8b343e8f7ca6845e658df,animaux sauvages
934,622,d9d1b72d6879458192b8b343e8f7ca6845e658df,biodiversité
935,623,5d1960be99962dd63f26a5fd9ce1a7acb90d9cc2,lancement de fusées
936,624,02b75acf1781e6c4d15d160fb4dddccec823ed39,espèces menacées
937,625,66649a0db7012f30a875956081ec9ec70c43ddd0,célébrités
938,625,66649a0db7012f30a875956081ec9ec70c43ddd0,influenceurs
939,625,66649a0db7012f30a875956081ec9ec70c43ddd0,réseaux sociaux
940,625,66649a0db7012f30a875956081ec9ec70c43ddd0,tendances actuelles
941,626,711747235c9139967a495ead5d205b1443f59447,animaux sauvages
942,626,711747235c9139967a495ead5d205b1443f59447,biodiversité
943,627,4b2e4188ee8e6d826fcf823730f506cf77a97e21,exploration spatiale
944,628,ba107c4b28ad2647215877db2d11e1b2b5fe789b,durabilité
945,629,7b8dc4c76edbfd26b686f5eeb99410b1fb0e1f44,célébrités
946,630,b1bdd30eaccbde563fff9d1b55b599a5c047b408,observation de la Terre
947,631,eda7c4c99b3f848524f37e6f55906efee6186343,affaires internationales
948,631,eda7c4c99b3f848524f37e6f55906efee6186343,organisations internationales
949,632,a922aeeb3a237872c3fcf57d52c73aec6f84ab04,affaires internationales
950,633,7199d704b890bd9291d490aed3fd99e2eadbe803,animaux sauvages
951,633,7199d704b890bd9291d490aed3fd99e2eadbe803,espèces menacées
952,633,7199d704b890bd9291d490aed3fd99e2eadbe803,habitat naturel
953,634,9cc0d3d2f8838a0073e4bffc243d37aa67122750,célébrités
954,635,3ef2f646ec5e6d2f3f0fce49fb820aaa6ae16ebe,santé publique
955,635,3ef2f646ec5e6d2f3f0fce49fb820aaa6ae16ebe,épidémies
956,636,896728721f5960cafd0119835b1dce7d355ec73f,célébrités
957,637,574e440cefe06f2a2ec0a8b6dc5317bcfd9b26c6,mobilité internationale
958,637,574e440cefe06f2a2ec0a8b6dc5317bcfd9b26c6,programme Erasmus
959,637,574e440cefe06f2a2ec0a8b6dc5317bcfd9b26c6,jeunes
960,638,0a1570b6cde7b49d3fe03dd9ddb2b19cf339099e,engagement citoyen
961,638,0a1570b6cde7b49d3fe03dd9ddb2b19cf339099e,jeunes
962,639,086747fdaeb74678c65d16ca099c4e80142b9d00,célébrités
963,640,2f2d306ec33f28d6b179e6704d4eee471bfbee06,animaux sauvages
964,640,2f2d306ec33f28d6b179e6704d4eee471bfbee06,recherche scientifique
965,640,2f2d306ec33f28d6b179e6704d4eee471bfbee06,biodiversité
966,641,6cec361905f57cf95956846a7a5403a82a792c54,communautés de joueurs
967,642,c8571cce98499237a209db48fef01aef9911a87a,jeux vidéo
968,643,fbff292422107c39a4b52bed87435a563997ee6e,changements climatiques
969,644,be5672d4c5f60d16729b0508041db8a2ffce6077,jeux vidéo
970,645,977d98d8bf8bc627b3b975e80cf52608a7bd9dcd,changement climatique
971,646,a978ac81166ec7cb8b2cb7c091c48cd8a471130f,Fashion Weeks
972,647,7191bfce54492c98561d2604ff8d358ae406b88e,croissance économique
973,647,7191bfce54492c98561d2604ff8d358ae406b88e,investissements étrangers
974,647,7191bfce54492c98561d2604ff8d358ae406b88e,développement durable
975,648,7397a86d874873793960607f11edfac7ac885a1f,jeux vidéo
976,649,75807fbefa23c4dccddda6f85040338b3662da9f,célébrités
977,650,0ee5b1cf9316bebe8ed35f6a95b7f67bbd851995,jeunesse
978,650,0ee5b1cf9316bebe8ed35f6a95b7f67bbd851995,réseaux sociaux
979,650,0ee5b1cf9316bebe8ed35f6a95b7f67bbd851995,influenceurs
980,651,f6b3fcd3e9518ac6efc257af355c83ed0a2c1d0c,célébrités
981,652,5f2ff75d2206cbeae4e50db10c4c5799758de67a,accessoires
982,653,d1ffda033b083094f9c4eab81644aff414289a80,animaux de compagnie
983,653,d1ffda033b083094f9c4eab81644aff414289a80,bien-être
984,654,8cc545c8f0d11f780c6f6719cbafe52b875828a3,biodiversité
985,655,314de18401363ef23e7d8310bf1849e5e97c2196,lancement de fusées
986,655,314de18401363ef23e7d8310bf1849e5e97c2196,exploration spatiale
987,656,035b21f553d89c622e4901b03292f70582481099,jeux vidéo
988,657,0a1e197d067b599aa86555c8b27aa6083dca293f,jeunesse
989,658,47ca15345426cc903d314ed457e25de8bd350d8f,exploration de Mars
990,659,2afa266c2ca2336a354959d2e0381a9e02ff007e,affaires internationales
991,660,0c2f96fa41e17876005315a75d05c5d13335c462,croissance économique
992,660,0c2f96fa41e17876005315a75d05c5d13335c462,investissements étrangers
993,661,a9ca8ddf49efc9a325193e3d9b46314bf06c5f1d,animaux sauvages
994,662,1636a80d2a6ccb74f68ce0253bbbaee9ab46072a,célébrités
995,662,1636a80d2a6ccb74f68ce0253bbbaee9ab46072a,tendances
996,663,55a97ad51ec0afda08aa77e30fca7e430212138b,animaux sauvages
997,664,3ae8e8febbf7b8323a8a8de0d25f1441947b9383,jeux vidéo
998,664,3ae8e8febbf7b8323a8a8de0d25f1441947b9383,expériences immersives
999,665,31fb8b4a46d893e35ec4fcf605658436efc7aed2,célébrités
1000,666,029c63577215bbbb2a768f86bc025361c9e60468,transitions politiques
1001,667,d9bdc808fc49abfd847ddfddfc8fbf6c68d4bde7,Station spatiale internationale
1002,667,d9bdc808fc49abfd847ddfddfc8fbf6c68d4bde7,coopération internationale
1003,668,ddd52dba973edfb8ce75fc0426a462d3c3e92abc,affaires internationales
1004,668,ddd52dba973edfb8ce75fc0426a462d3c3e92abc,droits humains
1005,669,fdedebfc72dcc093f9343f67b0cdfc401a0fcf6a,jeunesse
1006,670,14584821eb4511c52dd05643723ff8db3f1b2d7c,marchés financiers
1007,670,14584821eb4511c52dd05643723ff8db3f1b2d7c,croissance économique
1008,671,b32be3d1e1825d09e80d4e5ea34a5e612ffa2a8b,coopération économique
1009,671,b32be3d1e1825d09e80d4e5ea34a5e612ffa2a8b,développement durable
1010,672,4584b8f969646dc4d66ba2ab6d6d4b9d11cee372,changements climatiques
1011,672,4584b8f969646dc4d66ba2ab6d6d4b9d11cee372,biodiversité
1012,672,4584b8f969646dc4d66ba2ab6d6d4b9d11cee372,coopération internationale
1013,673,a389284844ba3a8e40d7c1bfd15209e6945ce2bf,épidémies
1014,673,a389284844ba3a8e40d7c1bfd15209e6945ce2bf,santé publique
1015,674,771272a25022cdb69b8be4eaa218566059547ea4,droits humains
1016,674,771272a25022cdb69b8be4eaa218566059547ea4,affaires internationales
